{"cameraMode":{"drawMode":0,"name":"Shaded","section":"Shading Mode"},"sceneLighting":false,"audioPlay":false,"sceneViewState":{"showFog":true,"showMaterialUpdate":false,"showSkybox":false,"showFlares":true,"showImageEffects":true,"showParticleSystems":true},"in2DMode":false,"pivot":{"x":-5.848708629608154,"y":10.974124908447266,"z":-0.3918660283088684},"rotation":{"x":-0.3979327380657196,"y":-0.06650780886411667,"z":0.028940852731466295,"w":-0.9145684242248535},"size":22.0,"orthographic":false}