{"cameraMode":{"drawMode":0,"name":"Shaded","section":"Shading Mode"},"sceneLighting":true,"audioPlay":false,"sceneViewState":{"showFog":true,"showMaterialUpdate":false,"showSkybox":false,"showFlares":true,"showImageEffects":true,"showParticleSystems":true},"in2DMode":false,"pivot":{"x":27.11672019958496,"y":-13.150452613830567,"z":25.349590301513673},"rotation":{"x":-0.17558076977729798,"y":-0.4231959581375122,"z":0.0840357095003128,"w":-0.884918212890625},"size":58.847434997558597,"orthographic":false}