{"cameraMode":{"drawMode":0,"name":"Shaded","section":"Shading Mode"},"sceneLighting":true,"audioPlay":false,"sceneViewState":{"showFog":true,"showMaterialUpdate":false,"showSkybox":false,"showFlares":true,"showImageEffects":true,"showParticleSystems":true},"in2DMode":false,"pivot":{"x":28.0947208404541,"y":-17.735822677612306,"z":6.481416702270508},"rotation":{"x":-0.22134651243686677,"y":-0.5806123614311218,"z":0.16773903369903565,"w":-0.7654662728309631},"size":40.010372161865237,"orthographic":false}