{"cameraMode":{"drawMode":0,"name":"Shaded","section":"Shading Mode"},"sceneLighting":true,"audioPlay":false,"sceneViewState":{"showFog":true,"showMaterialUpdate":false,"showSkybox":false,"showFlares":true,"showImageEffects":true,"showParticleSystems":true},"in2DMode":false,"pivot":{"x":85.60623168945313,"y":9.871295928955079,"z":-26.525054931640626},"rotation":{"x":0.2735516428947449,"y":-0.2333478480577469,"z":0.06860724091529846,"w":0.9306137561798096},"size":52.62331771850586,"orthographic":false}