{"cameraMode":{"drawMode":0,"name":"Shaded","section":"Shading Mode"},"sceneLighting":false,"audioPlay":false,"sceneViewState":{"showFog":true,"showMaterialUpdate":false,"showSkybox":false,"showFlares":true,"showImageEffects":true,"showParticleSystems":true},"in2DMode":false,"pivot":{"x":0.36806315183639529,"y":3.409482002258301,"z":-2.6614785194396974},"rotation":{"x":-0.2677842676639557,"y":0.5400561094284058,"z":-0.18651509284973145,"w":-0.7758895754814148},"size":2.5732080936431886,"orthographic":false}