{"cameraMode":{"drawMode":0,"name":"Shaded","section":"Shading Mode"},"sceneLighting":true,"audioPlay":false,"sceneViewState":{"showFog":true,"showMaterialUpdate":false,"showSkybox":false,"showFlares":true,"showImageEffects":true,"showParticleSystems":true},"in2DMode":false,"pivot":{"x":88.9022216796875,"y":11.533578872680664,"z":-23.75366973876953},"rotation":{"x":0.26649343967437746,"y":-0.2710685729980469,"z":0.07825428992509842,"w":0.9217960238456726},"size":47.392677307128909,"orthographic":false}