{"cameraMode":{"drawMode":0,"name":"Shaded","section":"Shading Mode"},"sceneLighting":true,"audioPlay":false,"sceneViewState":{"showFog":true,"showMaterialUpdate":false,"showSkybox":false,"showFlares":true,"showImageEffects":true,"showParticleSystems":true},"in2DMode":false,"pivot":{"x":35.486976623535159,"y":29.237937927246095,"z":-13.231060028076172},"rotation":{"x":0.16286197304725648,"y":-0.8362902402877808,"z":0.3460455536842346,"w":0.3932017683982849},"size":38.84383773803711,"orthographic":false}