{"cameraMode":{"drawMode":0,"name":"Shaded","section":"Shading Mode"},"sceneLighting":true,"audioPlay":false,"sceneViewState":{"showFog":true,"showMaterialUpdate":false,"showSkybox":false,"showFlares":true,"showImageEffects":true,"showParticleSystems":true},"in2DMode":false,"pivot":{"x":59.24665832519531,"y":-97.11233520507813,"z":110.54759216308594},"rotation":{"x":0.3122853934764862,"y":0.046999119222164157,"z":-0.015470395796000958,"w":0.9487016797065735},"size":221.1890411376953,"orthographic":false}