{"cameraMode":{"drawMode":0,"name":"Shaded","section":"Shading Mode"},"sceneLighting":false,"audioPlay":false,"sceneViewState":{"showFog":true,"showMaterialUpdate":false,"showSkybox":false,"showFlares":true,"showImageEffects":true,"showParticleSystems":true},"in2DMode":false,"pivot":{"x":-102.20462036132813,"y":-83.21720886230469,"z":112.75920104980469},"rotation":{"x":-0.23316217958927155,"y":0.35111701488494875,"z":-0.09083861857652664,"w":-0.9023712277412415},"size":181.21653747558595,"orthographic":false}