{"cameraMode":{"drawMode":0,"name":"Shaded","section":"Shading Mode"},"sceneLighting":true,"audioPlay":false,"sceneViewState":{"showFog":true,"showMaterialUpdate":false,"showSkybox":false,"showFlares":true,"showImageEffects":true,"showParticleSystems":true},"in2DMode":false,"pivot":{"x":-1.6329431533813477,"y":-1.4232854843139649,"z":-1.1859731674194337},"rotation":{"x":-0.25667521357536318,"y":0.4707021713256836,"z":-0.1452960968017578,"w":-0.8315362334251404},"size":8.381345748901368,"orthographic":false}