{"cameraMode":{"drawMode":0,"name":"Shaded","section":"Shading Mode"},"sceneLighting":true,"audioPlay":false,"sceneViewState":{"showFog":true,"showMaterialUpdate":false,"showSkybox":false,"showFlares":true,"showImageEffects":true,"showParticleSystems":true},"in2DMode":false,"pivot":{"x":8.869283676147461,"y":27.69251823425293,"z":-51.12263870239258},"rotation":{"x":0.20055846869945527,"y":0.3603716492652893,"z":-0.07963908463716507,"w":0.907518744468689},"size":7.150981903076172,"orthographic":false}