{"cameraMode":{"drawMode":0,"name":"Shaded","section":"Shading Mode"},"sceneLighting":true,"audioPlay":false,"sceneViewState":{"showFog":true,"showMaterialUpdate":false,"showSkybox":false,"showFlares":true,"showImageEffects":true,"showParticleSystems":true},"in2DMode":false,"pivot":{"x":154.52066040039063,"y":-5.397026538848877,"z":-4.63117790222168},"rotation":{"x":-0.1294059008359909,"y":-0.8668864965438843,"z":0.29493045806884768,"w":-0.3806231915950775},"size":60.568687438964847,"orthographic":false}