{"cameraMode":{"drawMode":0,"name":"Shaded","section":"Shading Mode"},"sceneLighting":true,"audioPlay":false,"sceneViewState":{"showFog":true,"showMaterialUpdate":false,"showSkybox":false,"showFlares":true,"showImageEffects":true,"showParticleSystems":true},"in2DMode":false,"pivot":{"x":76.45143127441406,"y":-23.729387283325197,"z":-14.226664543151856},"rotation":{"x":-0.16476768255233766,"y":-0.8351364135742188,"z":0.378370076417923,"w":-0.36367475986480715},"size":47.2477912902832,"orthographic":false}