{"cameraMode":{"drawMode":0,"name":"Shaded","section":"Shading Mode"},"sceneLighting":true,"audioPlay":false,"sceneViewState":{"showFog":true,"showMaterialUpdate":false,"showSkybox":false,"showFlares":true,"showImageEffects":true,"showParticleSystems":true},"in2DMode":false,"pivot":{"x":59.826637268066409,"y":-19.30229377746582,"z":2.474212169647217},"rotation":{"x":0.24040104448795319,"y":-0.6267237663269043,"z":0.21218709647655488,"w":0.710277795791626},"size":71.84613800048828,"orthographic":false}