{"cameraMode":{"drawMode":0,"name":"Shaded","section":"Shading Mode"},"sceneLighting":true,"audioPlay":false,"sceneViewState":{"showFog":true,"showMaterialUpdate":false,"showSkybox":false,"showFlares":true,"showImageEffects":true,"showParticleSystems":true},"in2DMode":false,"pivot":{"x":-6.88399076461792,"y":-48.885536193847659,"z":41.46974182128906},"rotation":{"x":0.34622830152511599,"y":-0.3512650430202484,"z":0.14178483188152314,"w":0.8584650158882141},"size":78.16194915771485,"orthographic":false}