{"cameraMode":{"drawMode":0,"name":"Shaded","section":"Shading Mode"},"sceneLighting":true,"audioPlay":false,"sceneViewState":{"showFog":true,"showMaterialUpdate":false,"showSkybox":false,"showFlares":true,"showImageEffects":true,"showParticleSystems":true},"in2DMode":false,"pivot":{"x":-18.54143714904785,"y":-16.266572952270509,"z":-21.015296936035158},"rotation":{"x":-0.12607693672180177,"y":0.8597123026847839,"z":-0.2555325925350189,"w":-0.4243013858795166},"size":58.847434997558597,"orthographic":false}