{"cameraMode":{"drawMode":0,"name":"Shaded","section":"Shading Mode"},"sceneLighting":true,"audioPlay":false,"sceneViewState":{"showFog":true,"showMaterialUpdate":false,"showSkybox":false,"showFlares":true,"showImageEffects":true,"showParticleSystems":true},"in2DMode":false,"pivot":{"x":-6.147561550140381,"y":19.792530059814454,"z":-31.773096084594728},"rotation":{"x":-0.2448360174894333,"y":-0.4332980811595917,"z":0.12357179820537567,"w":-0.8585203289985657},"size":52.10391616821289,"orthographic":false}