{"cameraMode":{"drawMode":0,"name":"Shaded","section":"Shading Mode"},"sceneLighting":true,"audioPlay":false,"sceneViewState":{"showFog":true,"showMaterialUpdate":false,"showSkybox":false,"showFlares":true,"showImageEffects":true,"showParticleSystems":true},"in2DMode":false,"pivot":{"x":67.09249114990235,"y":-33.10446548461914,"z":-32.77437973022461},"rotation":{"x":0.12652692198753358,"y":-0.873550534248352,"z":0.32668107748031618,"w":0.3380849361419678},"size":92.6188735961914,"orthographic":false}