{"cameraMode":{"drawMode":0,"name":"Shaded","section":"Shading Mode"},"sceneLighting":true,"audioPlay":false,"sceneViewState":{"showFog":true,"showMaterialUpdate":false,"showSkybox":false,"showFlares":true,"showImageEffects":true,"showParticleSystems":true},"in2DMode":false,"pivot":{"x":121.39958190917969,"y":-10.06268310546875,"z":21.99907112121582},"rotation":{"x":0.29821646213531496,"y":0.12274525314569473,"z":-0.03855869919061661,"w":0.9458804130554199},"size":78.1619873046875,"orthographic":false}