{"cameraMode":{"drawMode":0,"name":"Shaded","section":"Shading Mode"},"sceneLighting":true,"audioPlay":false,"sceneViewState":{"showFog":true,"showMaterialUpdate":false,"showSkybox":false,"showFlares":true,"showImageEffects":true,"showParticleSystems":true},"in2DMode":false,"pivot":{"x":177.8209991455078,"y":4.18112850189209,"z":-6.9651055335998539},"rotation":{"x":0.14124363660812379,"y":0.4706835448741913,"z":-0.0766996517777443,"w":0.8677281737327576},"size":47.392677307128909,"orthographic":false}