{"cameraMode":{"drawMode":0,"name":"Shaded","section":"Shading Mode"},"sceneLighting":true,"audioPlay":false,"sceneViewState":{"showFog":true,"showMaterialUpdate":false,"showSkybox":false,"showFlares":true,"showImageEffects":true,"showParticleSystems":true},"in2DMode":false,"pivot":{"x":44.38249969482422,"y":-4.376228332519531,"z":-10.517921447753907},"rotation":{"x":0.3078053593635559,"y":-0.09353934973478317,"z":0.030324473977088929,"w":0.946527898311615},"size":136.42469787597657,"orthographic":false}