{"cameraMode":{"drawMode":0,"name":"Shaded","section":"Shading Mode"},"sceneLighting":false,"audioPlay":false,"sceneViewState":{"showFog":true,"showMaterialUpdate":false,"showSkybox":false,"showFlares":true,"showImageEffects":true,"showParticleSystems":true},"in2DMode":false,"pivot":{"x":-0.00018930435180664063,"y":1.2060937881469727,"z":-0.04940783977508545},"rotation":{"x":0.1833404004573822,"y":-0.34818804264068606,"z":0.06964071840047836,"w":0.9166931509971619},"size":4.4147562980651859,"orthographic":false}