{"cameraMode":{"drawMode":0,"name":"Shaded","section":"Shading Mode"},"sceneLighting":true,"audioPlay":false,"sceneViewState":{"showFog":true,"showMaterialUpdate":false,"showSkybox":false,"showFlares":true,"showImageEffects":true,"showParticleSystems":true},"in2DMode":false,"pivot":{"x":-69.01571655273438,"y":56.561622619628909,"z":-82.59471130371094},"rotation":{"x":0.2253318876028061,"y":0.41084131598472597,"z":-0.10543762892484665,"w":0.8772026300430298},"size":0.8833990693092346,"orthographic":false}