{"cameraMode":{"drawMode":0,"name":"Shaded","section":"Shading Mode"},"sceneLighting":true,"audioPlay":false,"sceneViewState":{"showFog":true,"showMaterialUpdate":false,"showSkybox":false,"showFlares":true,"showImageEffects":true,"showParticleSystems":true},"in2DMode":false,"pivot":{"x":136.7947998046875,"y":-13.010223388671875,"z":25.788509368896486},"rotation":{"x":0.23224303126335145,"y":0.26637735962867739,"z":-0.06631089001893997,"w":0.9332797527313232},"size":78.1619644165039,"orthographic":false}