{"cameraMode":{"drawMode":0,"name":"Shaded","section":"Shading Mode"},"sceneLighting":true,"audioPlay":false,"sceneViewState":{"showFog":true,"showMaterialUpdate":false,"showSkybox":false,"showFlares":true,"showImageEffects":true,"showParticleSystems":true},"in2DMode":false,"pivot":{"x":19.370986938476564,"y":-12.448637962341309,"z":-19.223115921020509},"rotation":{"x":-0.09446104615926743,"y":-0.897832453250885,"z":0.2348526418209076,"w":-0.3605554699897766},"size":40.010372161865237,"orthographic":false}