{"cameraMode":{"drawMode":0,"name":"Shaded","section":"Shading Mode"},"sceneLighting":true,"audioPlay":false,"sceneViewState":{"showFog":true,"showMaterialUpdate":false,"showSkybox":false,"showFlares":true,"showImageEffects":true,"showParticleSystems":true},"in2DMode":false,"pivot":{"x":25.09675407409668,"y":-9.722496032714844,"z":-70.42703247070313},"rotation":{"x":-0.22574879229068757,"y":-0.09828006476163864,"z":0.022964777424931527,"w":-0.9689809083938599},"size":161.95791625976563,"orthographic":false}