{"cameraMode":{"drawMode":0,"name":"Shaded","section":"Shading Mode"},"sceneLighting":true,"audioPlay":false,"sceneViewState":{"showFog":true,"showMaterialUpdate":false,"showSkybox":false,"showFlares":true,"showImageEffects":true,"showParticleSystems":true},"in2DMode":false,"pivot":{"x":11.6251859664917,"y":17.494945526123048,"z":-16.12516975402832},"rotation":{"x":0.3142222762107849,"y":0.3253248333930969,"z":-0.11558814346790314,"w":0.8843549489974976},"size":5.7157673835754398,"orthographic":false}