{"cameraMode":{"drawMode":0,"name":"Shaded","section":"Shading Mode"},"sceneLighting":true,"audioPlay":false,"sceneViewState":{"showFog":true,"showMaterialUpdate":false,"showSkybox":false,"showFlares":true,"showImageEffects":true,"showParticleSystems":true},"in2DMode":false,"pivot":{"x":10.553179740905762,"y":-9.34025764465332,"z":6.65191650390625},"rotation":{"x":-0.25134602189064028,"y":-0.4433586597442627,"z":0.13107796013355256,"w":-0.8503894805908203},"size":58.847434997558597,"orthographic":false}