{"cameraMode":{"drawMode":0,"name":"Shaded","section":"Shading Mode"},"sceneLighting":true,"audioPlay":false,"sceneViewState":{"showFog":true,"showMaterialUpdate":false,"showSkybox":false,"showFlares":true,"showImageEffects":true,"showParticleSystems":true},"in2DMode":false,"pivot":{"x":4.76837158203125e-7,"y":3.0,"z":-2.9999990463256838},"rotation":{"x":-0.08445758372545243,"y":0.09039834886789322,"z":-0.007714453618973494,"w":-0.9924494624137878},"size":58.847434997558597,"orthographic":false}