{"cameraMode":{"drawMode":0,"name":"Shaded","section":"Shading Mode"},"sceneLighting":true,"audioPlay":false,"sceneViewState":{"showFog":true,"showMaterialUpdate":false,"showSkybox":false,"showFlares":true,"showImageEffects":true,"showParticleSystems":true},"in2DMode":false,"pivot":{"x":56.5385627746582,"y":-0.6004457473754883,"z":25.07703971862793},"rotation":{"x":0.08171600103378296,"y":0.4006834030151367,"z":-0.03597545251250267,"w":0.9119043350219727},"size":78.16194915771485,"orthographic":false}