{"cameraMode":{"drawMode":0,"name":"Shaded","section":"Shading Mode"},"sceneLighting":true,"audioPlay":false,"sceneViewState":{"showFog":true,"showMaterialUpdate":false,"showSkybox":false,"showFlares":true,"showImageEffects":true,"showParticleSystems":true},"in2DMode":false,"pivot":{"x":76.3514404296875,"y":-34.80990219116211,"z":-7.96146297454834},"rotation":{"x":-0.20335128903388978,"y":-0.7341297268867493,"z":0.24973846971988679,"w":-0.5977907776832581},"size":78.16194915771485,"orthographic":false}