{"cameraMode":{"drawMode":0,"name":"Shaded","section":"Shading Mode"},"sceneLighting":false,"audioPlay":false,"sceneViewState":{"showFog":true,"showMaterialUpdate":false,"showSkybox":false,"showFlares":true,"showImageEffects":true,"showParticleSystems":true},"in2DMode":false,"pivot":{"x":10.045536041259766,"y":1.6230472326278687,"z":-5.118454456329346},"rotation":{"x":0.06298305839300156,"y":0.4685598611831665,"z":-0.03350590169429779,"w":0.8805699944496155},"size":2.2416586875915529,"orthographic":false}