{"cameraMode":{"drawMode":0,"name":"Shaded","section":"Shading Mode"},"sceneLighting":true,"audioPlay":false,"sceneViewState":{"showFog":true,"showMaterialUpdate":false,"showSkybox":false,"showFlares":true,"showImageEffects":true,"showParticleSystems":true},"in2DMode":false,"pivot":{"x":48.082611083984378,"y":4.610000133514404,"z":-6.389999866485596},"rotation":{"x":-0.4237712621688843,"y":0.550622820854187,"z":-0.38352787494659426,"w":-0.6083941459655762},"size":26.462858200073243,"orthographic":false}