{"cameraMode":{"drawMode":0,"name":"Shaded","section":"Shading Mode"},"sceneLighting":true,"audioPlay":false,"sceneViewState":{"showFog":true,"showMaterialUpdate":false,"showSkybox":false,"showFlares":true,"showImageEffects":true,"showParticleSystems":true},"in2DMode":false,"pivot":{"x":19.229013442993165,"y":-9.079769134521485,"z":18.015470504760743},"rotation":{"x":-0.17490562796592713,"y":-0.3701324462890625,"z":0.07102508842945099,"w":-0.9096983671188355},"size":40.010372161865237,"orthographic":false}