{"cameraMode":{"drawMode":0,"name":"Shaded","section":"Shading Mode"},"sceneLighting":true,"audioPlay":false,"sceneViewState":{"showFog":true,"showMaterialUpdate":true,"showSkybox":true,"showFlares":true,"showImageEffects":true,"showParticleSystems":true},"in2DMode":false,"pivot":{"x":44.26384735107422,"y":-11.057353973388672,"z":-14.974736213684082},"rotation":{"x":0.3238920569419861,"y":-0.5417335629463196,"z":0.2376461625099182,"w":0.7383382320404053},"size":42.36331558227539,"orthographic":false}