{"cameraMode":{"drawMode":0,"name":"Shaded","section":"Shading Mode"},"sceneLighting":true,"audioPlay":false,"sceneViewState":{"showFog":true,"showMaterialUpdate":false,"showSkybox":false,"showFlares":true,"showImageEffects":true,"showParticleSystems":true},"in2DMode":false,"pivot":{"x":-4.673057556152344,"y":1.5537545680999756,"z":-2.2809526920318605},"rotation":{"x":0.18471302092075349,"y":-0.7935491800308228,"z":0.2926965057849884,"w":0.5005921125411987},"size":56.19929885864258,"orthographic":false}