{"cameraMode":{"drawMode":0,"name":"Shaded","section":"Shading Mode"},"sceneLighting":true,"audioPlay":false,"sceneViewState":{"showFog":true,"showMaterialUpdate":false,"showSkybox":false,"showFlares":true,"showImageEffects":true,"showParticleSystems":true},"in2DMode":false,"pivot":{"x":167.8202667236328,"y":-13.531167030334473,"z":20.538177490234376},"rotation":{"x":0.2716761827468872,"y":0.38210198283195498,"z":-0.1185702383518219,"w":0.87546306848526},"size":66.41121673583985,"orthographic":false}