{"cameraMode":{"drawMode":0,"name":"Shaded","section":"Shading Mode"},"sceneLighting":false,"audioPlay":false,"sceneViewState":{"showFog":true,"showMaterialUpdate":false,"showSkybox":false,"showFlares":true,"showImageEffects":true,"showParticleSystems":true},"in2DMode":false,"pivot":{"x":12.237449645996094,"y":1.5497159957885743,"z":-2.7215523719787599},"rotation":{"x":-0.07931419461965561,"y":0.9046574234962463,"z":-0.19311287999153138,"w":-0.37154489755630495},"size":7.293239593505859,"orthographic":false}