{"cameraMode":{"drawMode":0,"name":"Shaded","section":"Shading Mode"},"sceneLighting":true,"audioPlay":false,"sceneViewState":{"showFog":true,"showMaterialUpdate":false,"showSkybox":false,"showFlares":true,"showImageEffects":true,"showParticleSystems":true},"in2DMode":false,"pivot":{"x":160.406982421875,"y":-27.823270797729493,"z":12.682125091552735},"rotation":{"x":-0.24808363616466523,"y":-0.5633179545402527,"z":0.18224571645259858,"w":-0.7668011784553528},"size":78.1619873046875,"orthographic":false}