{"cameraMode":{"drawMode":0,"name":"Shaded","section":"Shading Mode"},"sceneLighting":true,"audioPlay":false,"sceneViewState":{"showFog":true,"showMaterialUpdate":false,"showSkybox":false,"showFlares":true,"showImageEffects":true,"showParticleSystems":true},"in2DMode":false,"pivot":{"x":147.29443359375,"y":-29.77141571044922,"z":-15.310171127319336},"rotation":{"x":-0.18011067807674409,"y":-0.8060228228569031,"z":0.30701273679733279,"w":-0.4730418026447296},"size":78.1619644165039,"orthographic":false}