{"cameraMode":{"drawMode":0,"name":"Shaded","section":"Shading Mode"},"sceneLighting":true,"audioPlay":false,"sceneViewState":{"showFog":true,"showMaterialUpdate":false,"showSkybox":false,"showFlares":true,"showImageEffects":true,"showParticleSystems":true},"in2DMode":false,"pivot":{"x":-14.575037002563477,"y":12.6654052734375,"z":-18.765750885009767},"rotation":{"x":-0.3084124028682709,"y":-0.20419438183307649,"z":0.06796734035015106,"w":-0.9265992045402527},"size":40.010372161865237,"orthographic":false}