{"cameraMode":{"drawMode":0,"name":"Shaded","section":"Shading Mode"},"sceneLighting":true,"audioPlay":false,"sceneViewState":{"showFog":true,"showMaterialUpdate":false,"showSkybox":false,"showFlares":true,"showImageEffects":true,"showParticleSystems":true},"in2DMode":false,"pivot":{"x":57.69146728515625,"y":-28.42573356628418,"z":40.324405670166019},"rotation":{"x":-0.31499189138412478,"y":0.003616871777921915,"z":-0.0012916307896375657,"w":-0.9492563605308533},"size":64.91864776611328,"orthographic":false}