{"cameraMode":{"drawMode":0,"name":"Shaded","section":"Shading Mode"},"sceneLighting":false,"audioPlay":false,"sceneViewState":{"showFog":true,"showMaterialUpdate":false,"showSkybox":false,"showFlares":true,"showImageEffects":true,"showParticleSystems":true},"in2DMode":false,"pivot":{"x":4.922627925872803,"y":7.93713903427124,"z":-3.9912002086639406},"rotation":{"x":-0.29309335350990298,"y":0.4363284111022949,"z":-0.15292105078697205,"w":-0.836951732635498},"size":2.5732080936431886,"orthographic":false}