{"cameraMode":{"drawMode":0,"name":"Shaded","section":"Shading Mode"},"sceneLighting":true,"audioPlay":false,"sceneViewState":{"showFog":true,"showMaterialUpdate":false,"showSkybox":false,"showFlares":true,"showImageEffects":true,"showParticleSystems":true},"in2DMode":false,"pivot":{"x":-27.680654525756837,"y":22.510053634643556,"z":19.253467559814454},"rotation":{"x":-0.11992280185222626,"y":-0.8253268003463745,"z":0.1909269392490387,"w":-0.5178753733634949},"size":40.010372161865237,"orthographic":false}