{"cameraMode":{"drawMode":0,"name":"Shaded","section":"Shading Mode"},"sceneLighting":false,"audioPlay":false,"sceneViewState":{"showFog":true,"showMaterialUpdate":false,"showSkybox":false,"showFlares":true,"showImageEffects":true,"showParticleSystems":true},"in2DMode":false,"pivot":{"x":0.21110691130161286,"y":1.6479637622833253,"z":-0.5518385767936707},"rotation":{"x":0.022779809311032296,"y":-0.7938414216041565,"z":0.029777413234114648,"w":0.6069908142089844},"size":6.664565086364746,"orthographic":false}