{"cameraMode":{"drawMode":0,"name":"Shaded","section":"Shading Mode"},"sceneLighting":true,"audioPlay":false,"sceneViewState":{"showFog":true,"showMaterialUpdate":false,"showSkybox":false,"showFlares":true,"showImageEffects":true,"showParticleSystems":true},"in2DMode":false,"pivot":{"x":80.56587982177735,"y":-16.842605590820314,"z":16.071632385253908},"rotation":{"x":0.2474004626274109,"y":0.26803675293922427,"z":-0.07142437249422074,"w":0.9285187125205994},"size":64.91864776611328,"orthographic":false}