{"cameraMode":{"drawMode":0,"name":"Shaded","section":"Shading Mode"},"sceneLighting":true,"audioPlay":false,"sceneViewState":{"showFog":true,"showMaterialUpdate":false,"showSkybox":false,"showFlares":true,"showImageEffects":true,"showParticleSystems":true},"in2DMode":false,"pivot":{"x":-575.1690673828125,"y":-275.52288818359377,"z":280.9491271972656},"rotation":{"x":0.1720241755247116,"y":-0.5136106610298157,"z":0.10590856522321701,"w":0.8339710235595703},"size":862.862060546875,"orthographic":false}