{"cameraMode":{"drawMode":0,"name":"Shaded","section":"Shading Mode"},"sceneLighting":true,"audioPlay":false,"sceneViewState":{"showFog":true,"showMaterialUpdate":false,"showSkybox":false,"showFlares":true,"showImageEffects":true,"showParticleSystems":true},"in2DMode":false,"pivot":{"x":120.2520751953125,"y":-10.04297161102295,"z":-54.908477783203128},"rotation":{"x":0.00033611274557188153,"y":-0.980065107345581,"z":0.19907572865486146,"w":0.0020750106777995826},"size":40.010372161865237,"orthographic":false}