{"cameraMode":{"drawMode":0,"name":"Shaded","section":"Shading Mode"},"sceneLighting":true,"audioPlay":false,"sceneViewState":{"showFog":true,"showMaterialUpdate":false,"showSkybox":false,"showFlares":true,"showImageEffects":true,"showParticleSystems":true},"in2DMode":false,"pivot":{"x":7.977563858032227,"y":-12.834549903869629,"z":23.37405776977539},"rotation":{"x":0.25198158621788027,"y":0.1986682265996933,"z":-0.05308890715241432,"w":0.9458342790603638},"size":85.3804931640625,"orthographic":false}