{"cameraMode":{"drawMode":0,"name":"Shaded","section":"Shading Mode"},"sceneLighting":false,"audioPlay":false,"sceneViewState":{"showFog":true,"showMaterialUpdate":false,"showSkybox":false,"showFlares":true,"showImageEffects":true,"showParticleSystems":true},"in2DMode":false,"pivot":{"x":11.032907485961914,"y":1.264885663986206,"z":-2.3713202476501467},"rotation":{"x":-0.05714882165193558,"y":0.7686951756477356,"z":-0.06937002390623093,"w":-0.6332724094390869},"size":4.718301773071289,"orthographic":false}