{"cameraMode":{"drawMode":0,"name":"Shaded","section":"Shading Mode"},"sceneLighting":true,"audioPlay":false,"sceneViewState":{"showFog":true,"showMaterialUpdate":false,"showSkybox":false,"showFlares":true,"showImageEffects":true,"showParticleSystems":true},"in2DMode":false,"pivot":{"x":-25.26836585998535,"y":11.16891860961914,"z":-32.054046630859378},"rotation":{"x":0.20223085582256318,"y":-0.1084364503622055,"z":0.022592129185795785,"w":0.9731712937355042},"size":80.37236785888672,"orthographic":false}