{"cameraMode":{"drawMode":0,"name":"Shaded","section":"Shading Mode"},"sceneLighting":true,"audioPlay":false,"sceneViewState":{"showFog":true,"showMaterialUpdate":false,"showSkybox":false,"showFlares":true,"showImageEffects":true,"showParticleSystems":true},"in2DMode":false,"pivot":{"x":-11.128313064575196,"y":-14.471956253051758,"z":9.995416641235352},"rotation":{"x":0.31635919213294985,"y":0.4861999452114105,"z":-0.1944606453180313,"w":0.7912096977233887},"size":58.847434997558597,"orthographic":false}