{"cameraMode":{"drawMode":0,"name":"Shaded","section":"Shading Mode"},"sceneLighting":false,"audioPlay":false,"sceneViewState":{"showFog":true,"showMaterialUpdate":false,"showSkybox":false,"showFlares":true,"showImageEffects":true,"showParticleSystems":true},"in2DMode":false,"pivot":{"x":-2.8397839069366457,"y":4.171708583831787,"z":3.515122890472412},"rotation":{"x":0.12830910086631776,"y":0.870345950126648,"z":-0.309242844581604,"w":0.3611184358596802},"size":5.7300190925598148,"orthographic":false}