{"cameraMode":{"drawMode":0,"name":"Shaded","section":"Shading Mode"},"sceneLighting":true,"audioPlay":false,"sceneViewState":{"showFog":true,"showMaterialUpdate":false,"showSkybox":false,"showFlares":true,"showImageEffects":true,"showParticleSystems":true},"in2DMode":false,"pivot":{"x":103.52008056640625,"y":-17.26980972290039,"z":5.82415771484375},"rotation":{"x":0.30777478218078616,"y":0.25192970037460329,"z":-0.08486517518758774,"w":0.9137316346168518},"size":71.84613800048828,"orthographic":false}