{"cameraMode":{"drawMode":0,"name":"Shaded","section":"Shading Mode"},"sceneLighting":true,"audioPlay":false,"sceneViewState":{"showFog":true,"showMaterialUpdate":false,"showSkybox":false,"showFlares":true,"showImageEffects":true,"showParticleSystems":true},"in2DMode":false,"pivot":{"x":-38.452518463134769,"y":-24.185855865478517,"z":-1.2052313089370728},"rotation":{"x":0.20993541181087495,"y":-0.6521381139755249,"z":0.1947881430387497,"w":0.7021764516830444},"size":58.847434997558597,"orthographic":false}