{"cameraMode":{"drawMode":0,"name":"Shaded","section":"Shading Mode"},"sceneLighting":false,"audioPlay":false,"sceneViewState":{"showFog":true,"showMaterialUpdate":false,"showSkybox":false,"showFlares":true,"showImageEffects":true,"showParticleSystems":true},"in2DMode":false,"pivot":{"x":-7.913569450378418,"y":-3.7491841316223146,"z":14.720987319946289},"rotation":{"x":-0.15166643261909486,"y":0.27138832211494448,"z":-0.04335159808397293,"w":-0.9494750499725342},"size":22.0,"orthographic":false}