{"cameraMode":{"drawMode":0,"name":"Shaded","section":"Shading Mode"},"sceneLighting":true,"audioPlay":false,"sceneViewState":{"showFog":true,"showMaterialUpdate":false,"showSkybox":false,"showFlares":true,"showImageEffects":true,"showParticleSystems":true},"in2DMode":false,"pivot":{"x":30.0799617767334,"y":1.8142156600952149,"z":-21.607601165771486},"rotation":{"x":0.062001511454582217,"y":-0.6668748259544373,"z":0.05565391853451729,"w":0.7407190799713135},"size":47.392677307128909,"orthographic":false}