{"cameraMode":{"drawMode":0,"name":"Shaded","section":"Shading Mode"},"sceneLighting":true,"audioPlay":false,"sceneViewState":{"showFog":true,"showMaterialUpdate":false,"showSkybox":false,"showFlares":true,"showImageEffects":true,"showParticleSystems":true},"in2DMode":false,"pivot":{"x":95.76725006103516,"y":-23.764787673950197,"z":20.120582580566408},"rotation":{"x":-0.3700602352619171,"y":-0.15689551830291749,"z":0.0635569840669632,"w":-0.9134924411773682},"size":71.84613800048828,"orthographic":false}