{"cameraMode":{"drawMode":0,"name":"Shaded","section":"Shading Mode"},"sceneLighting":false,"audioPlay":false,"sceneViewState":{"showFog":true,"showMaterialUpdate":false,"showSkybox":false,"showFlares":true,"showImageEffects":true,"showParticleSystems":true},"in2DMode":false,"pivot":{"x":-1.33243989944458,"y":-0.8672076463699341,"z":-0.7585909366607666},"rotation":{"x":0.24453005194664002,"y":-0.2760249674320221,"z":0.07283804565668106,"w":0.926667332649231},"size":3.043412685394287,"orthographic":false}