{"cameraMode":{"drawMode":0,"name":"Shaded","section":"Shading Mode"},"sceneLighting":true,"audioPlay":false,"sceneViewState":{"showFog":true,"showMaterialUpdate":false,"showSkybox":false,"showFlares":true,"showImageEffects":true,"showParticleSystems":true},"in2DMode":false,"pivot":{"x":114.59590148925781,"y":-125.19168853759766,"z":-200.9912567138672},"rotation":{"x":-0.056232139468193057,"y":-0.942395806312561,"z":0.2580883800983429,"w":-0.20532704889774323},"size":334.99468994140627,"orthographic":false}