{"cameraMode":{"drawMode":0,"name":"Shaded","section":"Shading Mode"},"sceneLighting":true,"audioPlay":false,"sceneViewState":{"showFog":true,"showMaterialUpdate":false,"showSkybox":false,"showFlares":true,"showImageEffects":true,"showParticleSystems":true},"in2DMode":false,"pivot":{"x":26.913232803344728,"y":-26.68552589416504,"z":30.201444625854493},"rotation":{"x":-0.2577820122241974,"y":-0.3682612180709839,"z":0.10711321234703064,"w":-0.8868628144264221},"size":58.847434997558597,"orthographic":false}