{"cameraMode":{"drawMode":0,"name":"Shaded","section":"Shading Mode"},"sceneLighting":true,"audioPlay":false,"sceneViewState":{"showFog":true,"showMaterialUpdate":false,"showSkybox":false,"showFlares":true,"showImageEffects":true,"showParticleSystems":true},"in2DMode":false,"pivot":{"x":0.74395352602005,"y":0.8827778100967407,"z":-12.281636238098145},"rotation":{"x":0.3149830400943756,"y":0.3988851308822632,"z":-0.14809727668762208,"w":0.8483865857124329},"size":7.150981903076172,"orthographic":false}