{"cameraMode":{"drawMode":0,"name":"Shaded","section":"Shading Mode"},"sceneLighting":true,"audioPlay":false,"sceneViewState":{"showFog":true,"showMaterialUpdate":false,"showSkybox":false,"showFlares":true,"showImageEffects":true,"showParticleSystems":true},"in2DMode":false,"pivot":{"x":-4.113376617431641,"y":-8.422404289245606,"z":9.279715538024903},"rotation":{"x":-0.2562970519065857,"y":-0.3905976414680481,"z":0.11421210318803787,"w":-0.8768035769462586},"size":58.847434997558597,"orthographic":false}