{"cameraMode":{"drawMode":0,"name":"Shaded","section":"Shading Mode"},"sceneLighting":true,"audioPlay":false,"sceneViewState":{"showFog":true,"showMaterialUpdate":false,"showSkybox":false,"showFlares":true,"showImageEffects":true,"showParticleSystems":true},"in2DMode":false,"pivot":{"x":-19.234901428222658,"y":21.840404510498048,"z":-8.723058700561524},"rotation":{"x":0.19497671723365785,"y":0.7363967299461365,"z":-0.23822586238384248,"w":0.6025905013084412},"size":2.5732080936431886,"orthographic":false}