{"cameraMode":{"drawMode":0,"name":"Shaded","section":"Shading Mode"},"sceneLighting":false,"audioPlay":false,"sceneViewState":{"showFog":true,"showMaterialUpdate":false,"showSkybox":false,"showFlares":true,"showImageEffects":true,"showParticleSystems":true},"in2DMode":false,"pivot":{"x":-2.7207188606262209,"y":0.9833123683929443,"z":-0.6022846102714539},"rotation":{"x":-0.02777930535376072,"y":0.8009346723556519,"z":-0.037269752472639087,"w":-0.5969542264938355},"size":5.9712018966674809,"orthographic":false}