{"cameraMode":{"drawMode":0,"name":"Shaded","section":"Shading Mode"},"sceneLighting":true,"audioPlay":false,"sceneViewState":{"showFog":true,"showMaterialUpdate":false,"showSkybox":false,"showFlares":true,"showImageEffects":true,"showParticleSystems":true},"in2DMode":false,"pivot":{"x":-71.41131591796875,"y":-687.34814453125,"z":75.53935241699219},"rotation":{"x":-0.619387149810791,"y":0.06644533574581146,"z":-0.052705906331539157,"w":-0.780502200126648},"size":747.84765625,"orthographic":false}