{"cameraMode":{"drawMode":0,"name":"Shaded","section":"Shading Mode"},"sceneLighting":true,"audioPlay":false,"sceneViewState":{"showFog":true,"showMaterialUpdate":false,"showSkybox":false,"showFlares":true,"showImageEffects":true,"showParticleSystems":true},"in2DMode":false,"pivot":{"x":107.316650390625,"y":-16.236574172973634,"z":23.24117088317871},"rotation":{"x":-0.10886275768280029,"y":-0.5218523740768433,"z":0.06742366403341294,"w":-0.8434090614318848},"size":340.69622802734377,"orthographic":false}