{"cameraMode":{"drawMode":0,"name":"Shaded","section":"Shading Mode"},"sceneLighting":false,"audioPlay":false,"sceneViewState":{"showFog":true,"showMaterialUpdate":false,"showSkybox":false,"showFlares":true,"showImageEffects":true,"showParticleSystems":true},"in2DMode":false,"pivot":{"x":2.56681752204895,"y":4.1868791580200199,"z":-2.9262969493865969},"rotation":{"x":-0.30641499161720278,"y":0.3795681893825531,"z":-0.13499318063259126,"w":-0.8625423908233643},"size":2.5732080936431886,"orthographic":false}