{"cameraMode":{"drawMode":0,"name":"Shaded","section":"Shading Mode"},"sceneLighting":true,"audioPlay":false,"sceneViewState":{"showFog":true,"showMaterialUpdate":false,"showSkybox":false,"showFlares":true,"showImageEffects":true,"showParticleSystems":true},"in2DMode":false,"pivot":{"x":57.453880310058597,"y":-16.819223403930665,"z":21.31182289123535},"rotation":{"x":0.24347931146621705,"y":0.3896124064922333,"z":-0.10759192705154419,"w":0.8818407654762268},"size":78.16194915771485,"orthographic":false}