{"cameraMode":{"drawMode":0,"name":"Shaded","section":"Shading Mode"},"sceneLighting":true,"audioPlay":false,"sceneViewState":{"showFog":true,"showMaterialUpdate":false,"showSkybox":false,"showFlares":true,"showImageEffects":true,"showParticleSystems":true},"in2DMode":false,"pivot":{"x":89.33129119873047,"y":-6.535773754119873,"z":2.1499557495117189},"rotation":{"x":0.3637012541294098,"y":0.43954768776893618,"z":-0.2007446587085724,"w":0.7964093089103699},"size":26.0902156829834,"orthographic":false}