{"cameraMode":{"drawMode":0,"name":"Shaded","section":"Shading Mode"},"sceneLighting":true,"audioPlay":false,"sceneViewState":{"showFog":true,"showMaterialUpdate":false,"showSkybox":false,"showFlares":true,"showImageEffects":true,"showParticleSystems":true},"in2DMode":false,"pivot":{"x":127.63923645019531,"y":-53.58145523071289,"z":-27.22882843017578},"rotation":{"x":-0.15738771855831147,"y":-0.5590780377388,"z":0.10899108648300171,"w":-0.8069180846214294},"size":163.6219940185547,"orthographic":false}