{"cameraMode":{"drawMode":0,"name":"Shaded","section":"Shading Mode"},"sceneLighting":false,"audioPlay":false,"sceneViewState":{"showFog":true,"showMaterialUpdate":false,"showSkybox":false,"showFlares":true,"showImageEffects":true,"showParticleSystems":true},"in2DMode":false,"pivot":{"x":7.73544979095459,"y":8.339266777038575,"z":4.423713684082031},"rotation":{"x":-0.0519561767578125,"y":0.9476754665374756,"z":-0.23585200309753419,"w":-0.20915107429027558},"size":2.5732080936431886,"orthographic":false}