{"cameraMode":{"drawMode":0,"name":"Shaded","section":"Shading Mode"},"sceneLighting":true,"audioPlay":false,"sceneViewState":{"showFog":true,"showMaterialUpdate":false,"showSkybox":false,"showFlares":true,"showImageEffects":true,"showParticleSystems":true},"in2DMode":false,"pivot":{"x":154.33746337890626,"y":-24.4647159576416,"z":11.050202369689942},"rotation":{"x":-0.21990418434143067,"y":-0.5606452226638794,"z":0.15751521289348603,"w":-0.7826744914054871},"size":78.1619873046875,"orthographic":false}