{"cameraMode":{"drawMode":0,"name":"Shaded","section":"Shading Mode"},"sceneLighting":true,"audioPlay":false,"sceneViewState":{"showFog":true,"showMaterialUpdate":false,"showSkybox":false,"showFlares":true,"showImageEffects":true,"showParticleSystems":true},"in2DMode":false,"pivot":{"x":15.701619148254395,"y":14.772015571594239,"z":-10.620620727539063},"rotation":{"x":0.2313033938407898,"y":0.4432862102985382,"z":-0.11953539401292801,"w":0.8577418923377991},"size":5.7157673835754398,"orthographic":false}