{"cameraMode":{"drawMode":0,"name":"Shaded","section":"Shading Mode"},"sceneLighting":true,"audioPlay":false,"sceneViewState":{"showFog":true,"showMaterialUpdate":false,"showSkybox":false,"showFlares":true,"showImageEffects":true,"showParticleSystems":true},"in2DMode":false,"pivot":{"x":-8.627902030944825,"y":-2.623821258544922,"z":-10.294889450073243},"rotation":{"x":-0.06420120596885681,"y":0.890271008014679,"z":-0.43106481432914736,"w":-0.1330084204673767},"size":80.37236785888672,"orthographic":false}