{"cameraMode":{"drawMode":0,"name":"Shaded","section":"Shading Mode"},"sceneLighting":true,"audioPlay":false,"sceneViewState":{"showFog":true,"showMaterialUpdate":false,"showSkybox":false,"showFlares":true,"showImageEffects":true,"showParticleSystems":true},"in2DMode":false,"pivot":{"x":33.39038848876953,"y":-32.80263137817383,"z":-38.26646423339844},"rotation":{"x":0.23329834640026093,"y":0.08593051880598068,"z":-0.020729808136820794,"w":0.9684367179870606},"size":730.80859375,"orthographic":false}