{"cameraMode":{"drawMode":0,"name":"Shaded","section":"Shading Mode"},"sceneLighting":true,"audioPlay":false,"sceneViewState":{"showFog":true,"showMaterialUpdate":false,"showSkybox":false,"showFlares":true,"showImageEffects":true,"showParticleSystems":true},"in2DMode":false,"pivot":{"x":67.15199279785156,"y":-19.494455337524415,"z":34.350982666015628},"rotation":{"x":-0.2728622555732727,"y":-0.11575786769390106,"z":0.03306814283132553,"w":-0.9546571969985962},"size":64.91864776611328,"orthographic":false}