{"cameraMode":{"drawMode":0,"name":"Shaded","section":"Shading Mode"},"sceneLighting":true,"audioPlay":false,"sceneViewState":{"showFog":true,"showMaterialUpdate":false,"showSkybox":false,"showFlares":true,"showImageEffects":true,"showParticleSystems":true},"in2DMode":false,"pivot":{"x":29.261550903320314,"y":-3.4323904514312746,"z":17.348283767700197},"rotation":{"x":-0.06600101292133331,"y":-0.492809921503067,"z":0.03734161704778671,"w":-0.8669291734695435},"size":40.010372161865237,"orthographic":false}