{"cameraMode":{"drawMode":0,"name":"Shaded","section":"Shading Mode"},"sceneLighting":true,"audioPlay":false,"sceneViewState":{"showFog":true,"showMaterialUpdate":false,"showSkybox":false,"showFlares":true,"showImageEffects":true,"showParticleSystems":true},"in2DMode":false,"pivot":{"x":59.615135192871097,"y":-9.75278377532959,"z":5.463547229766846},"rotation":{"x":-0.31540778279304507,"y":-0.2566312849521637,"z":0.08908702433109284,"w":-0.9093053340911865},"size":64.91864776611328,"orthographic":false}