{"cameraMode":{"drawMode":0,"name":"Shaded","section":"Shading Mode"},"sceneLighting":true,"audioPlay":false,"sceneViewState":{"showFog":true,"showMaterialUpdate":false,"showSkybox":false,"showFlares":true,"showImageEffects":true,"showParticleSystems":true},"in2DMode":false,"pivot":{"x":82.55301666259766,"y":-7.868190765380859,"z":29.679779052734376},"rotation":{"x":-0.2573394775390625,"y":0.03130936995148659,"z":-0.008344669826328755,"w":-0.9658123850822449},"size":71.84613800048828,"orthographic":false}