{"cameraMode":{"drawMode":0,"name":"Shaded","section":"Shading Mode"},"sceneLighting":true,"audioPlay":false,"sceneViewState":{"showFog":true,"showMaterialUpdate":false,"showSkybox":false,"showFlares":true,"showImageEffects":true,"showParticleSystems":true},"in2DMode":false,"pivot":{"x":13.582054138183594,"y":0.7314527034759522,"z":-9.987650871276856},"rotation":{"x":-0.4234485626220703,"y":0.14517030119895936,"z":-0.06894782930612564,"w":-0.8915852308273315},"size":74.64466094970703,"orthographic":false}