{"cameraMode":{"drawMode":0,"name":"Shaded","section":"Shading Mode"},"sceneLighting":true,"audioPlay":false,"sceneViewState":{"showFog":true,"showMaterialUpdate":false,"showSkybox":false,"showFlares":true,"showImageEffects":true,"showParticleSystems":true},"in2DMode":false,"pivot":{"x":15.090520858764649,"y":-6.363028049468994,"z":9.437745094299317},"rotation":{"x":-0.30217644572257998,"y":-0.15842483937740327,"z":0.05093454569578171,"w":-0.938787579536438},"size":47.392669677734378,"orthographic":false}