{"cameraMode":{"drawMode":0,"name":"Shaded","section":"Shading Mode"},"sceneLighting":true,"audioPlay":false,"sceneViewState":{"showFog":true,"showMaterialUpdate":false,"showSkybox":false,"showFlares":true,"showImageEffects":true,"showParticleSystems":true},"in2DMode":false,"pivot":{"x":16.582029342651368,"y":-25.30990982055664,"z":84.1460189819336},"rotation":{"x":-0.15388676524162293,"y":-0.10559557378292084,"z":0.016600213944911958,"w":-0.9823227524757385},"size":161.95791625976563,"orthographic":false}