{"cameraMode":{"drawMode":0,"name":"Shaded","section":"Shading Mode"},"sceneLighting":false,"audioPlay":false,"sceneViewState":{"showFog":true,"showMaterialUpdate":false,"showSkybox":false,"showFlares":true,"showImageEffects":true,"showParticleSystems":true},"in2DMode":false,"pivot":{"x":16.814695358276368,"y":6.471238613128662,"z":5.8917646408081059},"rotation":{"x":-0.09732399135828018,"y":0.8297432065010071,"z":-0.15308570861816407,"w":-0.5279937982559204},"size":0.7291608452796936,"orthographic":false}