{"cameraMode":{"drawMode":0,"name":"Shaded","section":"Shading Mode"},"sceneLighting":true,"audioPlay":false,"sceneViewState":{"showFog":true,"showMaterialUpdate":false,"showSkybox":false,"showFlares":true,"showImageEffects":true,"showParticleSystems":true},"in2DMode":false,"pivot":{"x":83.77628326416016,"y":110.03538513183594,"z":75.99321746826172},"rotation":{"x":-0.1659071147441864,"y":0.8331894278526306,"z":-0.39570268988609316,"w":-0.3492734432220459},"size":19.506244659423829,"orthographic":false}