{"cameraMode":{"drawMode":0,"name":"Shaded","section":"Shading Mode"},"sceneLighting":true,"audioPlay":false,"sceneViewState":{"showFog":true,"showMaterialUpdate":false,"showSkybox":false,"showFlares":true,"showImageEffects":true,"showParticleSystems":true},"in2DMode":false,"pivot":{"x":30.3013916015625,"y":-18.391023635864259,"z":7.972020149230957},"rotation":{"x":-0.21633315086364747,"y":-0.5783963203430176,"z":0.16240692138671876,"w":-0.7697151303291321},"size":40.010372161865237,"orthographic":false}