{"cameraMode":{"drawMode":0,"name":"Shaded","section":"Shading Mode"},"sceneLighting":false,"audioPlay":false,"sceneViewState":{"showFog":true,"showMaterialUpdate":false,"showSkybox":false,"showFlares":true,"showImageEffects":true,"showParticleSystems":true},"in2DMode":false,"pivot":{"x":12.677388191223145,"y":1.803722858428955,"z":-4.94213342666626},"rotation":{"x":0.029941152781248094,"y":-0.24631869792938233,"z":0.007620482239872217,"w":0.968717098236084},"size":2.2416586875915529,"orthographic":false}