{"cameraMode":{"drawMode":0,"name":"Shaded","section":"Shading Mode"},"sceneLighting":true,"audioPlay":false,"sceneViewState":{"showFog":true,"showMaterialUpdate":false,"showSkybox":false,"showFlares":true,"showImageEffects":true,"showParticleSystems":true},"in2DMode":false,"pivot":{"x":21.832658767700197,"y":-43.660831451416019,"z":3.099911689758301},"rotation":{"x":-0.38995489478111269,"y":-0.537624180316925,"z":0.3078225553035736,"w":-0.6813280582427979},"size":58.847434997558597,"orthographic":false}