{"cameraMode":{"drawMode":0,"name":"Shaded","section":"Shading Mode"},"sceneLighting":false,"audioPlay":false,"sceneViewState":{"showFog":true,"showMaterialUpdate":false,"showSkybox":false,"showFlares":true,"showImageEffects":true,"showParticleSystems":true},"in2DMode":false,"pivot":{"x":0.15972289443016053,"y":-0.010016532614827156,"z":-0.5344822406768799},"rotation":{"x":-0.08880983293056488,"y":0.8885596990585327,"z":-0.19443190097808839,"w":-0.4061194956302643},"size":2.5732080936431886,"orthographic":false}