{"cameraMode":{"drawMode":0,"name":"Shaded","section":"Shading Mode"},"sceneLighting":false,"audioPlay":false,"sceneViewState":{"showFog":true,"showMaterialUpdate":false,"showSkybox":false,"showFlares":true,"showImageEffects":true,"showParticleSystems":true},"in2DMode":false,"pivot":{"x":10.910523414611817,"y":0.9157260656356812,"z":-6.156693458557129},"rotation":{"x":-0.03705825284123421,"y":0.9288579821586609,"z":-0.09677179902791977,"w":-0.35568100214004519},"size":7.293239593505859,"orthographic":false}