{"cameraMode":{"drawMode":0,"name":"Shaded","section":"Shading Mode"},"sceneLighting":true,"audioPlay":false,"sceneViewState":{"showFog":true,"showMaterialUpdate":false,"showSkybox":false,"showFlares":true,"showImageEffects":true,"showParticleSystems":true},"in2DMode":false,"pivot":{"x":9.93988037109375,"y":-22.312482833862306,"z":-0.6300264596939087},"rotation":{"x":-0.3396996855735779,"y":-0.2554910480976105,"z":0.09646692126989365,"w":-0.9000601172447205},"size":58.847434997558597,"orthographic":false}