{"cameraMode":{"drawMode":0,"name":"Shaded","section":"Shading Mode"},"sceneLighting":true,"audioPlay":false,"sceneViewState":{"showFog":true,"showMaterialUpdate":false,"showSkybox":false,"showFlares":true,"showImageEffects":true,"showParticleSystems":true},"in2DMode":false,"pivot":{"x":5.866950511932373,"y":-7.264440059661865,"z":8.703856468200684},"rotation":{"x":0.35204488039016726,"y":0.2852480411529541,"z":-0.11374976485967636,"w":0.8843860030174255},"size":58.847434997558597,"orthographic":false}