{"cameraMode":{"drawMode":0,"name":"Shaded","section":"Shading Mode"},"sceneLighting":true,"audioPlay":false,"sceneViewState":{"showFog":true,"showMaterialUpdate":false,"showSkybox":false,"showFlares":true,"showImageEffects":true,"showParticleSystems":true},"in2DMode":false,"pivot":{"x":110.67649841308594,"y":-29.347793579101564,"z":6.4076995849609379},"rotation":{"x":0.2340691089630127,"y":-0.6413154602050781,"z":0.21496595442295075,"w":0.6984155178070068},"size":78.16194915771485,"orthographic":false}