{"cameraMode":{"drawMode":0,"name":"Shaded","section":"Shading Mode"},"sceneLighting":true,"audioPlay":false,"sceneViewState":{"showFog":true,"showMaterialUpdate":false,"showSkybox":false,"showFlares":true,"showImageEffects":true,"showParticleSystems":true},"in2DMode":false,"pivot":{"x":56.67156219482422,"y":-19.77808380126953,"z":33.59053039550781},"rotation":{"x":0.2799313962459564,"y":0.34798967838287356,"z":-0.10977847874164581,"w":0.8880183696746826},"size":78.16194915771485,"orthographic":false}