{"cameraMode":{"drawMode":0,"name":"Shaded","section":"Shading Mode"},"sceneLighting":true,"audioPlay":false,"sceneViewState":{"showFog":true,"showMaterialUpdate":false,"showSkybox":false,"showFlares":true,"showImageEffects":true,"showParticleSystems":true},"in2DMode":false,"pivot":{"x":93.61587524414063,"y":-20.281896591186525,"z":56.90316390991211},"rotation":{"x":-0.13147248327732087,"y":-0.3105122148990631,"z":0.043408118188381198,"w":-0.940439760684967},"size":95.20085906982422,"orthographic":false}