{"cameraMode":{"drawMode":0,"name":"Shaded","section":"Shading Mode"},"sceneLighting":true,"audioPlay":false,"sceneViewState":{"showFog":true,"showMaterialUpdate":false,"showSkybox":false,"showFlares":true,"showImageEffects":true,"showParticleSystems":true},"in2DMode":false,"pivot":{"x":6.839849472045898,"y":25.453231811523439,"z":-51.634910583496097},"rotation":{"x":0.38732755184173586,"y":0.2364044338464737,"z":-0.10345292836427689,"w":0.8851050138473511},"size":7.150981903076172,"orthographic":false}