{"cameraMode":{"drawMode":0,"name":"Shaded","section":"Shading Mode"},"sceneLighting":true,"audioPlay":false,"sceneViewState":{"showFog":true,"showMaterialUpdate":false,"showSkybox":false,"showFlares":true,"showImageEffects":true,"showParticleSystems":true},"in2DMode":false,"pivot":{"x":-10.268537521362305,"y":26.495647430419923,"z":-21.292871475219728},"rotation":{"x":0.3383030593395233,"y":0.5760923624038696,"z":-0.2832494378089905,"w":0.6882622241973877},"size":38.84383773803711,"orthographic":false}