{"cameraMode":{"drawMode":0,"name":"Shaded","section":"Shading Mode"},"sceneLighting":false,"audioPlay":false,"sceneViewState":{"showFog":true,"showMaterialUpdate":false,"showSkybox":false,"showFlares":true,"showImageEffects":true,"showParticleSystems":true},"in2DMode":false,"pivot":{"x":14.339634895324707,"y":0.5950940847396851,"z":-5.252820014953613},"rotation":{"x":0.04816390573978424,"y":0.9213734865188599,"z":-0.12122177332639694,"w":0.36619681119918826},"size":7.293239593505859,"orthographic":false}