{"cameraMode":{"drawMode":0,"name":"Shaded","section":"Shading Mode"},"sceneLighting":true,"audioPlay":false,"sceneViewState":{"showFog":true,"showMaterialUpdate":false,"showSkybox":false,"showFlares":true,"showImageEffects":true,"showParticleSystems":true},"in2DMode":false,"pivot":{"x":-111.30904388427735,"y":-158.21446228027345,"z":23.030254364013673},"rotation":{"x":0.36246415972709658,"y":-0.5524343848228455,"z":0.2891257107257843,"w":0.6927469968795776},"size":231.29957580566407,"orthographic":false}