{"cameraMode":{"drawMode":0,"name":"Shaded","section":"Shading Mode"},"sceneLighting":false,"audioPlay":false,"sceneViewState":{"showFog":true,"showMaterialUpdate":false,"showSkybox":false,"showFlares":true,"showImageEffects":true,"showParticleSystems":true},"in2DMode":false,"pivot":{"x":6.9023118019104,"y":4.5937628746032719,"z":-1.6751843690872193},"rotation":{"x":-0.17019611597061158,"y":0.6803111433982849,"z":-0.16721481084823609,"w":-0.6931168437004089},"size":2.5732080936431886,"orthographic":false}