{"cameraMode":{"drawMode":0,"name":"Shaded","section":"Shading Mode"},"sceneLighting":true,"audioPlay":false,"sceneViewState":{"showFog":true,"showMaterialUpdate":false,"showSkybox":false,"showFlares":true,"showImageEffects":true,"showParticleSystems":true},"in2DMode":false,"pivot":{"x":-117.03250122070313,"y":21.960315704345704,"z":-5.394533157348633},"rotation":{"x":0.25409185886383059,"y":0.3916543126106262,"z":-0.11347077786922455,"w":0.8770226240158081},"size":37.51914978027344,"orthographic":false}