{"cameraMode":{"drawMode":0,"name":"Shaded","section":"Shading Mode"},"sceneLighting":false,"audioPlay":false,"sceneViewState":{"showFog":true,"showMaterialUpdate":false,"showSkybox":false,"showFlares":true,"showImageEffects":true,"showParticleSystems":true},"in2DMode":false,"pivot":{"x":12.267561912536621,"y":5.848939895629883,"z":-6.726592540740967},"rotation":{"x":0.13844510912895204,"y":-0.5590783357620239,"z":0.0953865647315979,"w":0.8120933771133423},"size":2.444077491760254,"orthographic":false}