{"cameraMode":{"drawMode":0,"name":"Shaded","section":"Shading Mode"},"sceneLighting":true,"audioPlay":false,"sceneViewState":{"showFog":true,"showMaterialUpdate":false,"showSkybox":false,"showFlares":true,"showImageEffects":true,"showParticleSystems":true},"in2DMode":false,"pivot":{"x":137.4050750732422,"y":-10.951278686523438,"z":-5.501827239990234},"rotation":{"x":-0.1507255882024765,"y":-0.8213297724723816,"z":0.2535286843776703,"w":-0.48830825090408327},"size":47.3926887512207,"orthographic":false}