{"cameraMode":{"drawMode":0,"name":"Shaded","section":"Shading Mode"},"sceneLighting":true,"audioPlay":false,"sceneViewState":{"showFog":true,"showMaterialUpdate":false,"showSkybox":false,"showFlares":true,"showImageEffects":true,"showParticleSystems":true},"in2DMode":false,"pivot":{"x":55.95262908935547,"y":-12.12205696105957,"z":24.043502807617189},"rotation":{"x":-0.2661839723587036,"y":0.008021313697099686,"z":-0.002286618808284402,"w":-0.9640538692474365},"size":64.91864776611328,"orthographic":false}