{"cameraMode":{"drawMode":0,"name":"Shaded","section":"Shading Mode"},"sceneLighting":true,"audioPlay":false,"sceneViewState":{"showFog":true,"showMaterialUpdate":false,"showSkybox":false,"showFlares":true,"showImageEffects":true,"showParticleSystems":true},"in2DMode":false,"pivot":{"x":-17.597423553466798,"y":11.414375305175782,"z":-5.211056709289551},"rotation":{"x":0.17048631608486176,"y":0.7181812524795532,"z":-0.1890474259853363,"w":0.6476385593414307},"size":1.7334026098251343,"orthographic":false}