{"cameraMode":{"drawMode":0,"name":"Shaded","section":"Shading Mode"},"sceneLighting":true,"audioPlay":false,"sceneViewState":{"showFog":true,"showMaterialUpdate":false,"showSkybox":false,"showFlares":true,"showImageEffects":true,"showParticleSystems":true},"in2DMode":false,"pivot":{"x":-0.2729043960571289,"y":-5.050209045410156,"z":-21.51955223083496},"rotation":{"x":-0.06380312889814377,"y":0.8308302164077759,"z":-0.544213056564331,"w":-0.0974021628499031},"size":95.20085906982422,"orthographic":false}