{"cameraMode":{"drawMode":0,"name":"Shaded","section":"Shading Mode"},"sceneLighting":true,"audioPlay":false,"sceneViewState":{"showFog":true,"showMaterialUpdate":false,"showSkybox":false,"showFlares":true,"showImageEffects":true,"showParticleSystems":true},"in2DMode":false,"pivot":{"x":117.8613510131836,"y":-16.792795181274415,"z":34.216121673583987},"rotation":{"x":0.21945011615753175,"y":-0.3072531819343567,"z":0.07306687533855438,"w":0.9231287837028503},"size":78.16194915771485,"orthographic":false}