{"cameraMode":{"drawMode":0,"name":"Shaded","section":"Shading Mode"},"sceneLighting":true,"audioPlay":false,"sceneViewState":{"showFog":true,"showMaterialUpdate":false,"showSkybox":false,"showFlares":true,"showImageEffects":true,"showParticleSystems":true},"in2DMode":false,"pivot":{"x":82.49336242675781,"y":-149.40850830078126,"z":18.333234786987306},"rotation":{"x":0.4019356667995453,"y":0.5138828754425049,"z":-0.2959633767604828,"w":0.6977282762527466},"size":215.70750427246095,"orthographic":false}