{"cameraMode":{"drawMode":0,"name":"Shaded","section":"Shading Mode"},"sceneLighting":false,"audioPlay":false,"sceneViewState":{"showFog":true,"showMaterialUpdate":false,"showSkybox":false,"showFlares":true,"showImageEffects":true,"showParticleSystems":true},"in2DMode":false,"pivot":{"x":7.532320022583008,"y":6.811436653137207,"z":3.820462703704834},"rotation":{"x":-0.07500076293945313,"y":0.9101889133453369,"z":-0.3608204424381256,"w":-0.189469113945961},"size":2.5732080936431886,"orthographic":false}