{"cameraMode":{"drawMode":0,"name":"Shaded","section":"Shading Mode"},"sceneLighting":true,"audioPlay":false,"sceneViewState":{"showFog":true,"showMaterialUpdate":false,"showSkybox":false,"showFlares":true,"showImageEffects":true,"showParticleSystems":true},"in2DMode":false,"pivot":{"x":5.675136089324951,"y":78.57209014892578,"z":-18.747831344604493},"rotation":{"x":-0.27662578225135805,"y":-0.6609797477722168,"z":0.2875518202781677,"w":-0.6356602907180786},"size":0.8833990693092346,"orthographic":false}