{"cameraMode":{"drawMode":0,"name":"Shaded","section":"Shading Mode"},"sceneLighting":true,"audioPlay":false,"sceneViewState":{"showFog":true,"showMaterialUpdate":false,"showSkybox":false,"showFlares":true,"showImageEffects":true,"showParticleSystems":true},"in2DMode":false,"pivot":{"x":88.16366577148438,"y":4.197981357574463,"z":8.878265380859375},"rotation":{"x":0.06325207650661469,"y":0.1363336741924286,"z":-0.008832992054522038,"w":0.9887682199478149},"size":22.0,"orthographic":false}