{"cameraMode":{"drawMode":0,"name":"Shaded","section":"Shading Mode"},"sceneLighting":true,"audioPlay":false,"sceneViewState":{"showFog":true,"showMaterialUpdate":false,"showSkybox":false,"showFlares":true,"showImageEffects":true,"showParticleSystems":true},"in2DMode":false,"pivot":{"x":-13.027957916259766,"y":23.055253982543947,"z":-33.559349060058597},"rotation":{"x":0.29069802165031435,"y":0.09462717175483704,"z":-0.02882802113890648,"w":0.951857328414917},"size":1.2304400205612183,"orthographic":false}