{"cameraMode":{"drawMode":0,"name":"Shaded","section":"Shading Mode"},"sceneLighting":false,"audioPlay":false,"sceneViewState":{"showFog":true,"showMaterialUpdate":false,"showSkybox":false,"showFlares":true,"showImageEffects":true,"showParticleSystems":true},"in2DMode":false,"pivot":{"x":-0.6140245795249939,"y":1.5822405815124512,"z":15.583266258239746},"rotation":{"x":0.0021005256567150356,"y":0.009906597435474396,"z":0.000023150114429881796,"w":-0.9999685287475586},"size":22.0,"orthographic":false}