{"cameraMode":{"drawMode":0,"name":"Shaded","section":"Shading Mode"},"sceneLighting":false,"audioPlay":false,"sceneViewState":{"showFog":true,"showMaterialUpdate":false,"showSkybox":false,"showFlares":true,"showImageEffects":true,"showParticleSystems":true},"in2DMode":false,"pivot":{"x":18.959300994873048,"y":-8.239155769348145,"z":-4.763705730438232},"rotation":{"x":0.10133051872253418,"y":0.7470667362213135,"z":-0.11700666695833206,"w":0.6465680599212647},"size":33.6392707824707,"orthographic":false}