{"cameraMode":{"drawMode":0,"name":"Shaded","section":"Shading Mode"},"sceneLighting":true,"audioPlay":false,"sceneViewState":{"showFog":true,"showMaterialUpdate":false,"showSkybox":false,"showFlares":true,"showImageEffects":true,"showParticleSystems":true},"in2DMode":false,"pivot":{"x":16.285472869873048,"y":-15.045445442199707,"z":2.4409120082855226},"rotation":{"x":-0.2841101288795471,"y":-0.3930986225605011,"z":0.1291983723640442,"w":-0.8649441003799439},"size":58.847434997558597,"orthographic":false}