{"cameraMode":{"drawMode":0,"name":"Shaded","section":"Shading Mode"},"sceneLighting":true,"audioPlay":false,"sceneViewState":{"showFog":true,"showMaterialUpdate":false,"showSkybox":false,"showFlares":true,"showImageEffects":true,"showParticleSystems":true},"in2DMode":false,"pivot":{"x":2.385641098022461,"y":-6.429282188415527,"z":-4.047294616699219},"rotation":{"x":-0.3120538294315338,"y":0.29584187269210818,"z":-0.10292567312717438,"w":-0.8969444632530212},"size":34.651859283447269,"orthographic":false}